{"nodes":{"node:1":{"location":{"x":10,"y":10}},"node:4":{"location":{"x":210,"y":60}},"node:8":{"location":{"x":210,"y":-60}}},"selection":null,"view":{"scroll":{"x":-55.518829345703125,"y":-281.829986572265625},"visible_rect":{"max":{"x":372.0845947265625,"y":247.503860473632812},"min":{"x":-37.5266265869140625,"y":-190.496246337890625}},"zoom":1.47945165634155273}}